100% sDAI,100% wstETH,Const. Weight,No Fee,Sirloin Index,period,sDAI,wstETH
100.0,100.0,100.0,100.0,100.0,2023-07-01 00:00:00.000 UTC,1.0245671118472872,2176.46
100.02324459724659,101.59662938900784,100.96727547230334,100.96727547230336,100.96538741055323,2023-07-03 00:00:00.000 UTC,1.0248052683459572,2211.21
100.03239639561687,100.73284140301223,100.45266340005409,100.45590846050823,100.4529887702866,2023-07-04 00:00:00.000 UTC,1.0248990346622016,2192.41
100.04027317499622,99.40499710539133,99.6591075332333,99.66455622461778,99.66006105630326,2023-07-05 00:00:00.000 UTC,1.0249797375531953,2163.51
100.0517499377754,96.51268573739007,97.92831141754421,97.92921155160512,97.92130125340749,2023-07-06 00:00:00.000 UTC,1.0250973246901354,2100.56
100.06042629349082,97.21612159194288,98.35384347256206,98.3608646178618,98.35207319940989,2023-07-07 00:00:00.000 UTC,1.0251862197773025,2115.87
100.06950964925365,96.91747149040185,98.17828675394256,98.183136179921,98.17398736504741,2023-07-08 00:00:00.000 UTC,1.0252792848531005,2109.37
100.07906674162935,96.87060639754463,98.15399053517852,98.15840068587993,98.14918595738635,2023-07-09 00:00:00.000 UTC,1.0253772036784308,2108.35
100.08944001524205,97.77252970419858,98.69929382861596,98.7108184291155,98.70046745650605,2023-07-10 00:00:00.000 UTC,1.0254834848282885,2127.98
100.09384571564716,97.70682668185955,98.6616342953746,98.672756305073,98.66232451833028,2023-07-11 00:00:00.000 UTC,1.0255286241856858,2126.55
100.10673467864981,97.34752763662094,98.4512104534325,98.46012804827508,98.44926812000297,2023-07-12 00:00:00.000 UTC,1.0256606802616692,2118.73
100.11517533980562,104.16456080056606,102.54480661626188,102.60041645183024,102.58083679750033,2023-07-13 00:00:00.000 UTC,1.025747160499894,2267.1
100.12513150403878,100.67678707626146,100.4561248473724,100.54325717601182,100.51993616161086,2023-07-14 00:00:00.000 UTC,1.0258491680842283,2191.19
100.13409394407786,100.54216479972067,100.37893645746354,100.46619088861715,100.44271565736243,2023-07-15 00:00:00.000 UTC,1.025940994297288,2188.26
100.15541253418361,99.48953805721217,99.75588784800075,99.8436478061511,99.81903047635281,2023-07-17 00:00:00.000 UTC,1.0261594175602209,2165.35
100.18610120917677,98.5673984359924,99.21487954526616,99.30063200799079,99.27500162848139,2023-07-21 00:00:00.000 UTC,1.0264738436312626,2145.28
100.20913756156814,96.43503671098941,97.9446770512209,98.02083061104108,97.99292596384225,2023-07-24 00:00:00.000 UTC,1.0267098665216339,2098.87
100.22117086636737,96.83109269180228,98.18712396162832,98.26708009755714,98.23863652344839,2023-07-25 00:00:00.000 UTC,1.0268331558050752,2107.49
100.22885334658152,97.38658188066861,98.52349046703378,98.60832936830872,98.57911977904185,2023-07-26 00:00:00.000 UTC,1.0269118679707234,2119.58
100.24028175112834,96.85911985517768,98.21158461355793,98.2923792906516,98.2626090980033,2023-07-27 00:00:00.000 UTC,1.027028959645119,2108.1
100.25010029658355,97.66823189950655,98.70097925833736,98.78888125070665,98.75798722709084,2023-07-28 00:00:00.000 UTC,1.0271295572327148,2125.71
100.25620008955887,98.09093665861077,98.95704203099001,99.04781853895159,99.0163378438484,2023-07-29 00:00:00.000 UTC,1.0271920537054307,2134.91
100.27529608667079,96.74057873795063,98.15446567743868,98.23724643576784,98.20436501884282,2023-07-31 00:00:00.000 UTC,1.0273877050115188,2105.52
100.28149327310459,97.40909550370786,98.55805461146656,98.64699053749963,98.61316489783009,2023-08-01 00:00:00.000 UTC,1.0274511993455793,2120.07
100.29196417710062,95.7678983303162,97.57752466902997,97.6538783234463,97.6183870810226,2023-08-02 00:00:00.000 UTC,1.0275584807842357,2084.35
100.29866694437891,95.7127629269548,97.54712453392443,97.62275618757849,97.58720098633698,2023-08-03 00:00:00.000 UTC,1.027627155133353,2083.15
100.30855832907064,95.39022081729048,97.35755582200255,97.42922002925367,97.39332913654593,2023-08-04 00:00:00.000 UTC,1.0277284990078106,2076.13
100.3196445987539,95.85703389908385,97.64207817895186,97.71960206986878,97.68304518448089,2023-08-05 00:00:00.000 UTC,1.027842085280916,2086.29
100.33218303924365,95.48303207961553,97.42269246346677,97.495726100242,97.45878096456758,2023-08-06 00:00:00.000 UTC,1.0279705500185123,2078.15
100.35334346682986,95.28592301259846,97.31289119429101,97.3831926172562,97.34602403462945,2023-08-07 00:00:00.000 UTC,1.028187352800287,2073.86
100.3745965413614,96.75160581862292,98.20080210771832,98.29020797153024,98.25092109920428,2023-08-08 00:00:00.000 UTC,1.0284051048121936,2105.76
100.3957659141117,96.81501153248854,98.2473132851378,98.33714829630298,98.29779026163567,2023-08-09 00:00:00.000 UTC,1.0286219992431775,2107.14
100.41689564088425,96.61836192716613,98.13777541265338,98.22558206894574,98.1860042675578,2023-08-10 00:00:00.000 UTC,1.0288384874745122,2102.86
100.43819452932767,96.39276623507898,98.01093755277846,98.09630666022419,98.05648084941853,2023-08-11 00:00:00.000 UTC,1.0290567088806926,2097.95
100.45916843652611,96.55403728991115,98.11608974855713,98.20297331607483,98.16293190640448,2023-08-12 00:00:00.000 UTC,1.0292716006359173,2101.46
100.48046452093355,96.15476507723552,97.88504485471472,97.96764587998621,97.92718834144574,2023-08-13 00:00:00.000 UTC,1.029489793312867,2092.77
100.50175040386237,96.25446826498076,97.95338112053341,98.03689708778114,97.9963139954528,2023-08-14 00:00:00.000 UTC,1.029707881468822,2094.94
100.52263749353952,95.49681593045587,97.50714455568934,97.58203754698492,97.5406926718226,2023-08-15 00:00:00.000 UTC,1.0299218837202762,2078.45
100.54407658767535,94.50300028486626,96.91943080598989,96.98105265070997,96.9387193421848,2023-08-16 00:00:00.000 UTC,1.0301415416278699,2056.82
100.56527581427966,88.21802376335886,93.15692458372718,93.11936334916555,93.07095482561519,2023-08-17 00:00:00.000 UTC,1.0303587419316236,1920.03
100.58649129334742,86.82585482848296,92.33010941442873,92.2455110231578,92.19577071068407,2023-08-18 00:00:00.000 UTC,1.0305761087527727,1889.73
100.60683030848756,87.13874824255902,92.52598106893043,92.45242649962526,92.40219829183143,2023-08-19 00:00:00.000 UTC,1.0307844956127723,1896.54
100.6256619795256,87.9281034340167,93.00712685222027,92.9618424398009,92.91035378639421,2023-08-20 00:00:00.000 UTC,1.0309774387208392,1913.72
100.63928744301217,87.18653225880558,92.56763433248821,92.49646258823817,92.44427628846664,2023-08-21 00:00:00.000 UTC,1.0311170407385593,1897.58
100.65265687496573,85.29538792350883,91.4382955040916,91.29758513160657,91.2436542722108,2023-08-22 00:00:00.000 UTC,1.0312540195413964,1856.42
100.66619067883167,87.69561581650939,92.8838457614383,92.84397399356857,92.78606324552423,2023-08-23 00:00:00.000 UTC,1.0313926824447888,1908.66
100.67967209652605,86.78036812070978,92.34008971103628,92.26755997550522,92.20883180031977,2023-08-24 00:00:00.000 UTC,1.031530808616696,1888.74
100.69250289423657,86.46885309171776,92.15831301272527,92.07353604917316,92.01452006657225,2023-08-25 00:00:00.000 UTC,1.0316622687502257,1881.96
100.7058382631727,86.10082427428026,91.94282986983723,91.84328352548494,91.78393054481148,2023-08-26 00:00:00.000 UTC,1.0317988985545887,1873.95
100.71945962385736,86.61634029570956,92.25758802696868,92.17819146495346,92.117977498898,2023-08-27 00:00:00.000 UTC,1.03193845853635,1885.17
100.73337270235625,86.48447478933682,92.18403395454459,92.09908499888672,92.03873914852252,2023-08-28 00:00:00.000 UTC,1.032081007362895,1882.3
100.74700526899726,90.33476379074277,94.49966038204457,94.5642214992532,94.49735829297724,2023-08-29 00:00:00.000 UTC,1.0322206821571995,1966.1
100.7604376481155,89.12821738051699,93.78110548755639,93.81144269584102,93.74358206301176,2023-08-30 00:00:00.000 UTC,1.0323583058959835,1939.84
100.77391859111636,86.00847247364987,91.91465092063646,91.84626039743439,91.77586871798557,2023-08-31 00:00:00.000 UTC,1.0324964272043373,1871.94
100.78710569338774,85.25036067743032,91.46505868381331,91.36532695093823,91.29431871360032,2023-09-01 00:00:00.000 UTC,1.0326315379172157,1855.44
100.80084845989421,85.54119993016184,91.6450593420548,91.55733078232721,91.48581450904236,2023-09-02 00:00:00.000 UTC,1.032772341783099,1861.77
100.81275513269709,85.6229841118146,91.69889252016759,91.61417835928052,91.54252568823263,2023-09-03 00:00:00.000 UTC,1.0328943336367524,1863.55
100.82744858022477,85.25771206454517,91.48560667081702,91.38502098792752,91.31306290300284,2023-09-04 00:00:00.000 UTC,1.0330448778677175,1855.6
100.840298210835,85.44976705292079,91.60597951608648,91.51319406435728,91.44090218372007,2023-09-05 00:00:00.000 UTC,1.0331765309569438,1859.78
100.85475038544145,85.43414535530174,91.60238736735762,91.50840212121302,91.43607823955577,2023-09-06 00:00:00.000 UTC,1.0333246031849084,1859.44
100.8680491891862,86.14952721391619,92.03693600402418,91.9729754230855,91.89938006626906,2023-09-07 00:00:00.000 UTC,1.033460858354346,1875.01
100.88081596748685,85.62987603723478,91.73025200933562,91.64476498044843,91.57075309369634,2023-09-08 00:00:00.000 UTC,1.033591662566057,1863.7
100.89379040738741,85.57565955726272,91.70291189731259,91.61466473027056,91.54059344634182,2023-09-09 00:00:00.000 UTC,1.0337245944102245,1862.52
100.90840761519728,84.74081765803184,91.20785364089802,91.08372026933088,91.00899070413337,2023-09-10 00:00:00.000 UTC,1.033874357514115,1844.35
100.9221406903563,81.11566488701838,89.03825520835355,88.75078004640845,88.67327771617786,2023-09-11 00:00:00.000 UTC,1.0340150620856394,1765.45
100.93470631136148,83.4524870661533,90.44537476423656,90.28926724566293,90.20736921282231,2023-09-12 00:00:00.000 UTC,1.0341438053058578,1816.31
100.94900708920602,84.1710851566305,90.88225392966072,90.76086545228168,90.67762287117395,2023-09-13 00:00:00.000 UTC,1.0342903263723915,1831.95
100.96203153632388,85.20441450796248,91.50746131930703,91.43408685681194,91.34890501196075,2023-09-14 00:00:00.000 UTC,1.0344237705740609,1854.44
100.97596312560144,86.05763487498048,92.02496617522885,91.9884954477662,91.90171453065031,2023-09-15 00:00:00.000 UTC,1.0345665090559564,1873.01
100.98952165215582,85.65055181349533,91.78613974895953,91.7323532639879,91.64527750728996,2023-09-16 00:00:00.000 UTC,1.0347054252598837,1864.15
101.00320576083035,85.02890014059528,91.41862238868931,91.33784913656005,91.2503347626111,2023-09-17 00:00:00.000 UTC,1.0348456281369125,1850.62
101.01630659115813,85.7704713158064,91.8688054259471,91.82054443401763,91.73162677679282,2023-09-18 00:00:00.000 UTC,1.0349798549358296,1866.76
101.02946914197902,86.13068928443437,92.09020122745223,92.05670636979528,91.96711205585544,2023-09-19 00:00:00.000 UTC,1.0351147141026207,1874.6
101.04294480913285,85.09000854598753,91.47118305124567,91.39424852924785,91.30395079329591,2023-09-20 00:00:00.000 UTC,1.035252781356381,1851.95
101.05694572487725,83.06424193414995,90.26132345044087,90.09380183955183,90.00216532146314,2023-09-21 00:00:00.000 UTC,1.0353962301344555,1807.86
101.07060894668741,83.56964979829633,90.57003345765276,90.42758193719506,90.33496337949984,2023-09-22 00:00:00.000 UTC,1.0355362190115411,1818.86
101.084018787481,83.61421758268014,90.60213806460048,90.46131611172214,90.36861957417368,2023-09-23 00:00:00.000 UTC,1.0356736118300633,1819.83
101.09610155294087,82.94294404675483,90.20420704922924,90.02989517765184,89.93675715950532,2023-09-24 00:00:00.000 UTC,1.0357974078711667,1805.22
101.11087196449661,83.2195399869513,90.37607277796943,90.21529421194626,90.121620259725,2023-09-25 00:00:00.000 UTC,1.0359487406502514,1811.24
101.124345347469,83.50164946748392,90.55072781947794,90.40359762768036,90.30937595516622,2023-09-26 00:00:00.000 UTC,1.0360867845010397,1817.38
101.13812283200362,83.81500234325465,90.74425053875424,90.61207647404505,90.5172456027755,2023-09-27 00:00:00.000 UTC,1.0362279440764213,1824.2
101.15181393063294,86.6365566102754,92.44265953841841,92.44720582350155,92.34681247049316,2023-09-28 00:00:00.000 UTC,1.0363682185702279,1885.61
101.16528150015601,87.40201979360982,92.9073244762283,92.94221060799326,92.8403153589208,2023-09-29 00:00:00.000 UTC,1.0365062028583265,1902.27
101.1782361728279,87.66575080635528,93.07074495294432,93.11524022532022,93.01283337625128,2023-09-30 00:00:00.000 UTC,1.03663893217397,1908.01
101.19233849730354,90.88473943927295,95.00777906248518,95.17188430902857,95.06313275535041,2023-10-01 00:00:00.000 UTC,1.0367834199525534,1978.07
101.20583213067066,87.30093822078054,92.8628957847366,92.92524852384938,92.81455067898872,2023-10-02 00:00:00.000 UTC,1.0369216712822262,1900.07
101.21912649038596,86.88650377218052,92.61955285946269,92.66545069117686,92.55451897141906,2023-10-03 00:00:00.000 UTC,1.0370578809195998,1891.05
101.23277029190561,86.46288008968692,92.37083617057439,92.39936731227088,92.28819764500003,2023-10-04 00:00:00.000 UTC,1.037197670822776,1881.83
101.24549112854436,84.6480063957068,91.28700028884182,91.24032257588038,91.12820891114701,2023-10-05 00:00:00.000 UTC,1.0373280043313284,1842.33
101.25912720431188,86.37696075278205,92.32982733339398,92.36340032332909,92.2476878021532,2023-10-06 00:00:00.000 UTC,1.037467715078989,1879.96
101.2735435144253,85.82882295103057,92.00671117638846,92.01698403557026,91.9009872721273,2023-10-07 00:00:00.000 UTC,1.037615419851153,1868.03
101.28653085489934,85.70936291041417,91.94023008820824,91.94486036182795,91.82878688129551,2023-10-08 00:00:00.000 UTC,1.0377484838703537,1865.43
101.30030598707575,82.9668360548781,90.30022402775717,90.18463209842535,90.06723978392831,2023-10-09 00:00:00.000 UTC,1.0378896193442466,1805.74
101.31406794511138,82.34564384367276,89.9330134842482,89.78439271378014,89.66669747774037,2023-10-10 00:00:00.000 UTC,1.0380306198402258,1792.22
101.32739721578461,82.20045394815435,89.85123125520644,89.69413423341672,89.57635343995555,2023-10-11 00:00:00.000 UTC,1.038167187163793,1789.06
101.34102550845185,80.70306828519708,88.958251174499,88.71862415227972,88.60015178455103,2023-10-12 00:00:00.000 UTC,1.038306818168368,1756.47
101.35468009620818,81.42855830109444,89.39900701913994,89.2019337917707,89.08187457318367,2023-10-13 00:00:00.000 UTC,1.0384467185837776,1772.26
101.36753669604381,81.72031647721529,89.5792045647467,89.3982259012864,89.27753303182666,2023-10-14 00:00:00.000 UTC,1.0385784430773952,1778.61
101.38194208955815,81.78096542091286,89.62135608837099,89.44311594708256,89.32229818908789,2023-10-15 00:00:00.000 UTC,1.0387260360016752,1779.93
101.3954741830915,84.08608474311497,91.00984051910558,90.96054448872486,90.83467010940387,2023-10-16 00:00:00.000 UTC,1.0388646813815623,1830.1
101.40896478051641,82.23169734339248,89.90260431824206,89.76178965370839,89.63515579031665,2023-10-17 00:00:00.000 UTC,1.0390029016059696,1789.74
101.4222613452265,82.15910239563328,89.86436597547058,89.71895186456503,89.59226937542216,2023-10-18 00:00:00.000 UTC,1.039139133834995,1788.16
101.43611519977901,82.28177866811244,89.94351328077906,89.80423253682892,89.6772837873561,2023-10-19 00:00:00.000 UTC,1.0392810758724629,1790.83
101.44937765520554,84.27722080810123,91.14608354694295,91.11565215331241,90.98425387787013,2023-10-20 00:00:00.000 UTC,1.0394169586289865,1834.26
101.46316928366336,85.56784870845317,91.92597693853725,91.9578181748174,91.82354824293347,2023-10-21 00:00:00.000 UTC,1.0395582631183535,1862.35
101.47682902513291,87.42407395495438,93.04517598302579,93.15967599623194,93.02127571944905,2023-10-22 00:00:00.000 UTC,1.039698216337014,1902.75
101.49040016292314,92.59761263703444,96.15472764738993,96.47243391377287,96.3225213312251,2023-10-23 00:00:00.000 UTC,1.0398372617515161,2015.35
101.50390904359956,93.72053701882875,96.83388582873707,97.17951873071132,97.02712104917845,2023-10-24 00:00:00.000 UTC,1.0399756693001054,2039.79
101.51738579737054,93.91718662415114,96.9572662934389,97.3070242301773,97.1541977471682,2023-10-25 00:00:00.000 UTC,1.0401137476869875,2044.07
101.53107168763947,94.79613684607114,97.49011078269848,97.85867651960726,97.70390825736406,2023-10-26 00:00:00.000 UTC,1.0402539688176464,2063.2
101.5446067194006,93.73753710153186,96.86036494867935,97.20821501282268,97.05315057191598,2023-10-27 00:00:00.000 UTC,1.0403926443016491,2040.16
101.55826422622684,93.50826571588728,96.72826512002311,97.07078855968795,96.91564281718496,2023-10-28 00:00:00.000 UTC,1.040532574624889,2035.17
101.57139367988285,94.52367606112679,97.34276310862921,97.70826584671079,97.5508533823343,2023-10-29 00:00:00.000 UTC,1.0406670946890137,2057.27
101.58468136643437,95.1843819780745,97.74450173341845,98.12315819482782,97.96427439554522,2023-10-30 00:00:00.000 UTC,1.040803235955346,2071.65
101.59874414373978,95.46051845657627,97.91580873144167,98.2993888716974,98.13989494724834,2023-10-31 00:00:00.000 UTC,1.0409473185466296,2077.66
101.61225046719076,97.1407698740156,98.92936211128567,99.34274788971359,99.17950384240733,2023-11-01 00:00:00.000 UTC,1.041085699894728,2114.23
101.62614159390583,94.76765022100108,97.51104677016298,97.89203225114548,97.72824829819861,2023-11-02 00:00:00.000 UTC,1.0412280238105156,2062.58
101.63958928879539,96.51222627569541,98.56317148093541,98.97846933254473,98.81072427800895,2023-11-03 00:00:00.000 UTC,1.0413658044696557,2100.55
101.65276888809741,97.74679984929658,99.30918746481692,99.74327603226172,99.57273341606964,2023-11-04 00:00:00.000 UTC,1.0415008383095774,2127.42
101.66690526594823,99.76567453571397,100.52616682780769,100.98489045950538,100.80977362275443,2023-11-05 00:00:00.000 UTC,1.0416456749878433,2171.36
101.68033192643038,99.96783768137253,100.65283537939567,101.11300533962138,100.93743718169539,2023-11-06 00:00:00.000 UTC,1.0417832401353628,2175.76
101.69384343199485,99.32964538746405,100.27532460527637,100.73107797663432,100.55538362653928,2023-11-07 00:00:00.000 UTC,1.0419216745776918,2161.87
101.7076531885384,99.81943155399135,100.57472020781017,101.03456749083122,100.85776518669711,2023-11-08 00:00:00.000 UTC,1.0420631648014633,2172.53
101.72084350218158,111.84446302711744,107.79501521714309,108.34265846573936,108.13850315009867,2023-11-09 00:00:00.000 UTC,1.0421983084170008,2434.25
101.73479480454083,109.64593881808075,106.48148121266479,107.07078867980584,106.86646140068181,2023-11-10 00:00:00.000 UTC,1.042341248872648,2386.4
101.74846277911061,108.0088767999412,105.50471119160895,106.11737428653845,105.91293453981746,2023-11-11 00:00:00.000 UTC,1.0424812864449455,2350.77
101.76156770098166,107.89998437830239,105.4446177073741,106.05865006915403,105.85417895244336,2023-11-12 00:00:00.000 UTC,1.0426155551644696,2348.4
101.77520715081079,108.69944772704301,105.92975149655013,106.53582844044797,106.32951322781273,2023-11-13 00:00:00.000 UTC,1.0427553004816559,2365.8
101.78927740566755,104.52891392444613,103.4330593169347,104.08920721030235,103.88271691067834,2023-11-14 00:00:00.000 UTC,1.0428994596854713,2275.03
101.80245373484044,108.34520276044589,105.72810315020371,106.3747380720182,106.15917867822769,2023-11-15 00:00:00.000 UTC,1.0430344600207255,2358.09
101.81627824037756,103.50385488361836,102.82882422632204,103.52853701103272,103.31303550331353,2023-11-16 00:00:00.000 UTC,1.0431761013578342,2252.72
101.83011029483026,103.21071832241348,102.65847511138018,103.35823900051525,103.14272402155089,2023-11-17 00:00:00.000 UTC,1.0433178200386495,2246.34
101.84350178570084,103.59344991408068,102.89347066272875,103.5936431629389,103.37719463816286,2023-11-18 00:00:00.000 UTC,1.0434550248498955,2254.67
101.85720327526094,106.10486753719343,104.40580183242044,105.10607132552133,104.88347201328554,2023-11-19 00:00:00.000 UTC,1.0435954058057615,2309.33
101.87081582648455,106.70354612535954,104.77045400580954,105.46751585273057,105.24345772966535,2023-11-20 00:00:00.000 UTC,1.043734875528682,2322.36
101.88445667845217,102.65936428879927,102.34940124466041,103.07476388040185,102.85098546374638,2023-11-21 00:00:00.000 UTC,1.0438746352117179,2234.34
101.89806341296666,108.92734072760356,106.1156298017488,106.85627362176298,106.61676630526289,2023-11-22 00:00:00.000 UTC,1.0440140453385498,2370.76
101.91181008385198,108.81615099749135,106.05441463203562,106.79659445872407,106.55707304961068,2023-11-23 00:00:00.000 UTC,1.0441548892074146,2368.34
101.92544696360065,109.7006147597475,106.59054764128877,107.32313988122479,107.08141533380152,2023-11-24 00:00:00.000 UTC,1.0442946081924018,2387.59
101.93903078413638,110.02912987144262,106.79309023652013,107.5216983960086,107.27915895339363,2023-11-25 00:00:00.000 UTC,1.0444337835501432,2394.74
101.95220567770798,109.03623314924236,106.20262216062861,106.94509508107342,106.70267796184372,2023-11-26 00:00:00.000 UTC,1.0445687691766987,2373.13
101.96618113982865,106.94660136184447,104.95443327303815,105.72122540940092,105.4791110447786,2023-11-27 00:00:00.000 UTC,1.0447119571653156,2327.65
101.97920050540084,108.053444584325,105.62374695275534,106.38312165877292,106.13819764682297,2023-11-28 00:00:00.000 UTC,1.0448453493031395,2351.74
101.99360382525848,107.09822372108837,105.0563757627564,105.82485892518964,105.58007625546297,2023-11-29 00:00:00.000 UTC,1.044992920981415,2330.95
102.00704711786672,108.24641849609,105.75066994480068,106.51116409034202,106.2634523300615,2023-11-30 00:00:00.000 UTC,1.0451306565362284,2355.94
102.02077818622782,110.09988697242314,106.868243457945,107.61115280081444,107.35871655681946,2023-12-01 00:00:00.000 UTC,1.0452713405467615,2396.28
102.03436334583631,114.14636611745678,109.3015650088086,109.98989134917028,109.72715729104799,2023-12-02 00:00:00.000 UTC,1.0454105296242022,2484.35
102.0472644815527,115.743914429854,110.26525445053349,110.91907970067822,110.65229989019731,2023-12-03 00:00:00.000 UTC,1.0455427104178072,2519.12
102.06119802445112,118.18733172215434,111.73687824307305,112.33007509774589,112.05711660978427,2023-12-04 00:00:00.000 UTC,1.0456854689158595,2572.3
102.07536277441886,120.84485816417485,113.33706000827246,113.85180418142782,113.5721429819299,2023-12-05 00:00:00.000 UTC,1.0458305962855043,2630.14
102.08886422657444,117.96679010870865,111.61561975585496,112.23091587303247,111.9519723034366,2023-12-06 00:00:00.000 UTC,1.0459689277239121,2567.5
102.10250584218876,124.33355081186882,115.44113282399681,115.87122923963527,115.57600526583846,2023-12-07 00:00:00.000 UTC,1.0461086952310212,2706.07
102.11614359314733,124.51090302601473,115.55299925286776,115.97658879034485,115.68091706746021,2023-12-08 00:00:00.000 UTC,1.0462484231421383,2709.93
102.1298779703166,123.7137369857475,115.08019337957515,115.53731254632784,115.24185328780322,2023-12-09 00:00:00.000 UTC,1.0463891410536317,2692.58
102.14367677424453,124.40292952776527,115.49922842635698,115.92974233177962,115.63252781546302,2023-12-10 00:00:00.000 UTC,1.0465305190605054,2707.58
102.15707156969445,117.49170671641106,111.35785265772441,112.07152719429638,111.77647719037655,2023-12-11 00:00:00.000 UTC,1.0466677577293846,2557.16
102.17098596223805,116.38945811087731,110.70206925142159,111.44679360371714,111.1521117050464,2023-12-12 00:00:00.000 UTC,1.0468103200191996,2533.17
102.18466511090672,119.63050090513956,112.65216658744643,113.31480605600075,113.01148847143348,2023-12-13 00:00:00.000 UTC,1.0469504720776397,2603.71
102.19832142527002,122.5338393538131,114.39963218239586,114.970900462342,114.65987677889886,2023-12-14 00:00:00.000 UTC,1.0470903901832964,2666.9
102.21126985816227,117.25830017551438,111.23948804857355,112.00677128822679,111.69782500495731,2023-12-15 00:00:00.000 UTC,1.04722305556821,2552.08
102.22548390414578,117.71592402341417,111.51974797570682,112.2752790194495,111.96508764845694,2023-12-16 00:00:00.000 UTC,1.04736868800862,2562.04
102.23865975558903,116.5112154599671,110.80219317821587,111.59165019141939,111.28195519067754,2023-12-17 00:00:00.000 UTC,1.0475036834492133,2535.82
102.25208409206243,117.1618132196319,111.1979215686041,111.9713873260197,111.65991031584099,2023-12-18 00:00:00.000 UTC,1.0476412247857034,2549.98
102.26613103904998,115.1796954687888,110.01426969689327,110.84095582180417,110.53033814300781,2023-12-19 00:00:00.000 UTC,1.0477851451847566,2506.84
102.27976216215126,116.26264668314604,110.66949287474812,111.47215976241777,111.15854381005845,2023-12-20 00:00:00.000 UTC,1.0479248051890275,2530.41
102.29399522874222,118.32654861564193,111.91352726088203,112.66568120957463,112.34635801212866,2023-12-21 00:00:00.000 UTC,1.048070632508326,2575.33
102.30764716042329,122.99421997188097,114.7195908472979,115.33831466420959,115.00611641369238,2023-12-22 00:00:00.000 UTC,1.048210505710462,2676.92
102.32078231166608,122.45848763588582,114.40340550619791,115.04280685509491,114.71084088395851,2023-12-23 00:00:00.000 UTC,1.0483450841501871,2665.26
102.3350172867429,120.19839555976219,113.05304425055448,113.7752717783584,113.44440371696061,2023-12-24 00:00:00.000 UTC,1.0484909310232038,2616.07
102.34854358249243,120.51864036095311,113.25060164956884,113.96316614686202,113.6314069663163,2023-12-25 00:00:00.000 UTC,1.0486295170009048,2623.04
102.36195954231452,117.99160104022128,111.73974444105858,112.53539117722447,112.20491137803359,2023-12-26 00:00:00.000 UTC,1.0487669725129807,2568.04
102.37599307356992,125.76753076096048,116.41091568600424,116.99137392567447,116.63895332813227,2023-12-27 00:00:00.000 UTC,1.0489107554588541,2737.28
102.38928907230807,124.35698335829744,115.56990564390168,116.2101806095993,115.85852527370908,2023-12-28 00:00:00.000 UTC,1.049046981889117,2706.58
102.4027560009127,121.66224051900792,113.95844671176985,114.70537066447555,114.35523793691064,2023-12-29 00:00:00.000 UTC,1.049184959610576,2647.93
102.41703090162004,121.47202337741103,113.85002638709463,114.60416251033807,114.25410503529936,2023-12-30 00:00:00.000 UTC,1.049331215548472,2643.79
102.43080955077359,120.83796623875467,113.47510356356224,114.25140475416553,113.90169067198686,2023-12-31 00:00:00.000 UTC,1.0494723870561562,2629.99
102.44414119767131,124.35009143287724,115.58771133879488,116.24976586741056,115.88998012809945,2024-01-01 00:00:00.000 UTC,1.0496089787257379,2706.43
102.45798055963016,124.69698501235953,115.80138323126778,116.45062551299131,116.08984896123975,2024-01-02 00:00:00.000 UTC,1.0497507722768578,2713.98
102.47164866911706,117.06624518713875,111.22840657993008,112.18117344537461,111.82508069197729,2024-01-03 00:00:00.000 UTC,1.0498908112314718,2547.9
102.48519302433965,120.30636905801165,113.17789864454285,114.05005434233904,113.68433293021221,2024-01-04 00:00:00.000 UTC,1.0500295822405943,2618.42
102.49915591484904,120.07939498084046,113.04729935444388,113.9271673301665,113.56156401340303,2024-01-05 00:00:00.000 UTC,1.0501726414246166,2613.48
102.5124755220468,118.90363250415813,112.3471697113136,113.26377558642868,112.89894911802669,2024-01-06 00:00:00.000 UTC,1.0503091097393922,2587.89
102.52634886031197,117.79311358812016,111.6864076969969,112.63520016612611,112.27111470104343,2024-01-07 00:00:00.000 UTC,1.0504512514005724,2563.72
102.54040873630184,123.5938174834364,115.17245398458257,115.96940056628067,115.58792147665113,2024-01-08 00:00:00.000 UTC,1.050595304265931,2689.97
102.55404024266404,123.87087288532757,115.34413982826214,116.1315456853351,115.74924073102612,2024-01-09 00:00:00.000 UTC,1.0507349681969678,2696.0
102.56756882905086,137.266019131985,123.38663901081134,123.67261217137175,123.25048008820411,2024-01-10 00:00:00.000 UTC,1.0508735776437848,2987.54
102.58140201135191,138.69724231090856,124.2509061910859,124.45297779247224,124.02665992642017,2024-01-11 00:00:00.000 UTC,1.0510153078801634,3018.69
102.59504849092123,133.47959530613934,121.1257765800521,121.6505247297313,121.2281880559639,2024-01-12 00:00:00.000 UTC,1.0511551252217555,2905.13
102.60862058660254,136.89661192946346,123.18141539231908,123.52548058682244,123.09292977055541,2024-01-13 00:00:00.000 UTC,1.0512941804504947,2979.5
102.62151431159344,131.92247962287382,120.20209349836169,120.8387137294879,120.41018554773868,2024-01-14 00:00:00.000 UTC,1.0514262853162435,2871.24
102.63551673521184,133.47040607224577,121.1364503374322,121.69603331551677,121.26278913726465,2024-01-15 00:00:00.000 UTC,1.051569749543499,2904.93
102.64924283163369,137.32988430754529,123.45762771718063,123.81394713179117,123.36897475733007,2024-01-16 00:00:00.000 UTC,1.0517103826131777,2988.93
102.66371600874791,134.14213906986575,121.55076984541861,122.09652467548754,121.65426722027624,2024-01-17 00:00:00.000 UTC,1.0518586700259296,2919.55
102.67726478196303,130.96220468099577,119.64822872138268,120.36633927994946,119.92686894745432,2024-01-18 00:00:00.000 UTC,1.0519974863003505,2850.34
102.69129006470935,132.1586429339386,120.37170178624692,121.03269812554585,120.58949975710512,2024-01-19 00:00:00.000 UTC,1.0521411847347129,2876.38
102.7047738333152,131.09452964906316,119.73862732276397,120.45433722632208,120.01207254995572,2024-01-20 00:00:00.000 UTC,1.052279334993286,2853.22
102.71813160233157,130.3662828629977,119.30702235873126,120.05912023795493,119.61748790585463,2024-01-21 00:00:00.000 UTC,1.0524161943015042,2837.37
102.73219679827203,122.79205682622239,114.76811281504226,115.88046557518486,115.44584491953356,2024-01-22 00:00:00.000 UTC,1.052560301673327,2672.52
102.7460731666429,119.04376832103509,112.52469025927822,113.76434126387991,113.33340977031838,2024-01-23 00:00:00.000 UTC,1.0527024743799738,2590.94
102.75979878616825,118.75798314694505,112.35870940263433,113.6065536767718,113.17587521201493,2024-01-24 00:00:00.000 UTC,1.0528431025635276,2584.72
102.77367697478253,117.97046580226608,111.89175027127266,113.16067684757121,112.73076974334457,2024-01-25 00:00:00.000 UTC,1.05298529391979,2567.58
102.78689676679615,120.31280152173713,113.30243961976075,114.51460082695834,114.07688149009839,2024-01-26 00:00:00.000 UTC,1.0531207395610158,2618.56
102.80114124007504,120.40377493728349,113.3627214584001,114.57290221419278,114.1348754878222,2024-01-27 00:00:00.000 UTC,1.0532666837494873,2620.54
102.81293106506376,119.85747498231073,113.03965741541194,114.2662518085809,113.82876031020659,2024-01-28 00:00:00.000 UTC,1.0533874784188662,2608.65
102.82863384438384,122.89313839905168,114.86733657718455,116.00966441038982,115.56205919890998,2024-01-29 00:00:00.000 UTC,1.0535483639314256,2674.72
102.84242013537005,124.43738915486615,115.7994015470677,116.89053843569883,116.4378105453817,2024-01-30 00:00:00.000 UTC,1.053689613734814,2708.33
102.85547881843834,121.28134677411944,113.910999591847,115.11769416699033,114.66827114111338,2024-01-31 00:00:00.000 UTC,1.053823408706772,2639.64
102.86948642832239,122.31651397223015,114.53770295466704,115.71350050567939,115.2605957056334,2024-02-01 00:00:00.000 UTC,1.0539669260707998,2662.17
102.88343864333922,122.47824448875697,114.64032215058987,115.8115780964299,115.358125297086,2024-02-02 00:00:00.000 UTC,1.0541098758772365,2665.69
102.89534679397924,121.97835016494676,114.34514881655974,115.53332928344552,115.08038492672708,2024-02-03 00:00:00.000 UTC,1.0542318828723234,2654.81
102.91098955814056,121.75367339624897,114.21659986100559,115.41267165246569,114.95992497014207,2024-02-04 00:00:00.000 UTC,1.054392153489304,2649.92
102.92484230530513,122.15983753434479,114.4658394427289,115.64989241188069,115.19577351685919,2024-02-05 00:00:00.000 UTC,1.0545340841808397,2658.76
102.93602139856219,126.15669481635317,116.86842544923678,117.92523482168463,117.45767361721605,2024-02-06 00:00:00.000 UTC,1.0546486214937543,2745.75
102.95179458417151,128.84362680683313,118.48689391776848,119.43943201711038,118.9628867889972,2024-02-07 00:00:00.000 UTC,1.054810228365998,2804.23
102.96535270172649,128.70532883673488,118.40933838273153,119.36880156612675,118.89236611215419,2024-02-08 00:00:00.000 UTC,1.0549491403794518,2801.22
102.97919555990606,132.37367100704813,120.61588082819131,121.41656106060317,120.92790520114191,2024-02-09 00:00:00.000 UTC,1.0550909697516992,2881.06
102.99374776541029,132.83956516545217,120.9012382054354,121.67982222836635,121.18961661587666,2024-02-10 00:00:00.000 UTC,1.0552400668633442,2891.2
103.00724064977861,133.0826204019371,121.05246850107369,121.81978040269155,121.32876391214839,2024-02-11 00:00:00.000 UTC,1.0553783105190215,2896.49
103.02107766361908,141.0317671815701,125.82749137438967,126.19217026724871,125.67485313853064,2024-02-12 00:00:00.000 UTC,1.0555200800120927,3069.5
103.03505235189274,140.291574391443,125.38896557562289,125.80163231036174,125.28510419901751,2024-02-13 00:00:00.000 UTC,1.0556632600721279,3053.39
103.04858699728236,147.82444887569724,129.9141041243313,129.86114969574163,129.3199008540566,2024-02-14 00:00:00.000 UTC,1.055801931597495,3217.34
103.06250801490359,150.18975767990224,131.3388578139028,131.11489600006126,130.56595956228102,2024-02-15 00:00:00.000 UTC,1.0559445617656766,3268.82
103.07632183419797,149.22350973599333,130.76463457527518,130.61580778079409,130.06793186912472,2024-02-16 00:00:00.000 UTC,1.056086093615057,3247.79
103.09015473029724,148.22969409040368,130.1738783463611,130.1008852868963,129.55410881318574,2024-02-17 00:00:00.000 UTC,1.056227820919106,3226.16
103.10339034671115,152.80087849076023,132.9218832331406,132.5148379424955,131.95314197400327,2024-02-18 00:00:00.000 UTC,1.0563634286919332,3325.65
103.11760976094165,156.71411374433717,135.27551215097895,134.55837368413296,133.98398234753236,2024-02-19 00:00:00.000 UTC,1.0565091161336362,3410.82
103.13144436852609,160.25196879336173,137.40375902342748,136.38820545893805,135.8023950021495,2024-02-20 00:00:00.000 UTC,1.0566508609729997,3487.82
103.14471592501117,158.22620218152414,136.19360767891897,135.36076500219852,134.7772865697547,2024-02-21 00:00:00.000 UTC,1.0567868369759759,3443.73
103.15742995807034,158.1301746873363,136.14107679562994,135.31814877223036,134.73473594744522,2024-02-22 00:00:00.000 UTC,1.0569171007772895,3441.64
103.17222571076512,155.855379836983,134.78211818649584,134.15793385697168,133.57717412608446,2024-02-23 00:00:00.000 UTC,1.0570686931933506,3392.13
103.18639523139345,159.28709923453684,136.84681763327947,135.93768690781556,135.34571535148328,2024-02-24 00:00:00.000 UTC,1.0572138694416147,3466.82
103.20025439519236,165.72094134512008,140.712666565149,139.23942496513945,138.6265368772614,2024-02-25 00:00:00.000 UTC,1.0573558658758755,3606.85
103.21359804157098,168.89214596179116,142.62072679370308,140.84530194324793,140.22218352236996,2024-02-26 00:00:00.000 UTC,1.057492580488192,3675.87
103.22705073513612,172.45664978910708,144.7648101675187,142.63618657746048,142.00161567347186,2024-02-27 00:00:00.000 UTC,1.057630412362118,3753.45
103.24076393865369,179.7037390992713,149.11854903502424,146.2401382333856,145.58239568258932,2024-02-28 00:00:00.000 UTC,1.0577709133353397,3911.18
103.25524767262203,178.50132784429763,148.4028957756274,145.66124242588018,145.00491013596906,2024-02-29 00:00:00.000 UTC,1.0579193089101468,3885.01
103.26888984958568,182.8285380847799,151.0046787907022,147.7876030096386,147.11749434847215,2024-03-01 00:00:00.000 UTC,1.0580590821686564,3979.19
103.28303046086462,182.15634562546524,150.60701955962497,147.46968164047706,146.80034127087484,2024-03-02 00:00:00.000 UTC,1.0582039622212347,3964.56
103.29679137391736,185.3900370326126,152.55273876913452,149.04829520111295,148.3686859878782,2024-03-03 00:00:00.000 UTC,1.058344952010663,4034.94
103.31079770837866,193.17469652555067,157.22913699868187,152.81156551625753,152.1073450917586,2024-03-04 00:00:00.000 UTC,1.0584884563071286,4204.37
103.32407891724733,190.61733273297008,155.700031206681,151.60561613491205,150.90451334370562,2024-03-05 00:00:00.000 UTC,1.058624531205253,4148.71
103.33843236816381,203.268610495943,163.2965392448313,157.65128177964283,156.91022721483407,2024-03-06 00:00:00.000 UTC,1.058771591942758,4424.06
103.35180539343227,206.138408240905,165.0237671019159,158.99489888389624,158.2448945303667,2024-03-07 00:00:00.000 UTC,1.058908607561518,4486.52
103.36608785326781,207.65049667809197,165.93673314816232,159.7034534580838,158.94874005150922,2024-03-08 00:00:00.000 UTC,1.0590549409477557,4519.43
103.37941263654415,208.94480027200134,166.71864521781848,160.3089556246844,159.5502164841857,2024-03-09 00:00:00.000 UTC,1.0591914622949299,4547.6
103.39753410982591,206.99668268656444,165.557023255869,159.42340203085786,158.66703553815404,2024-03-10 00:00:00.000 UTC,1.059377128950357,4505.2
103.43737012421597,217.03132609834321,171.59374370869233,164.08502157811137,163.29738180647456,2024-03-11 00:00:00.000 UTC,1.0597852756524684,4723.6
103.47407375424771,211.9097065877618,168.53545345435617,161.78501225226177,161.00371914299845,2024-03-12 00:00:00.000 UTC,1.0601613289746277,4612.13
103.51671935194933,213.6565799509295,169.60063571133745,162.61188623070063,161.8250869267107,2024-03-13 00:00:00.000 UTC,1.0605982617433292,4650.15
103.55623780153556,207.0334396221387,165.64255889389744,159.61223413771086,158.833854848704,2024-03-14 00:00:00.000 UTC,1.0610031547809016,4506.0
103.59614046920403,199.32321292373857,161.03238394192473,156.07031990407498,155.30204174291967,2024-03-15 00:00:00.000 UTC,1.0614119843905825,4338.19
103.6356451462196,188.3218621063562,154.44737532230155,150.92568313905687,150.17237311108613,2024-03-16 00:00:00.000 UTC,1.0618167363189255,4098.75
103.67529721510373,194.30864798801724,158.05530767885185,153.82755420361022,153.05410031004578,2024-03-17 00:00:00.000 UTC,1.0622229983758793,4229.05
103.71488171898297,187.9372926679103,154.24832828833934,150.82465619574924,150.06020857370254,2024-03-18 00:00:00.000 UTC,1.0626285681840137,4090.38
103.75495035560637,169.43568914659585,143.16339363020006,141.93914752089688,141.2019387858059,2024-03-19 00:00:00.000 UTC,1.0630390982570228,3687.7
103.79448799222283,187.50769598338587,154.02241278692065,151.0443186687787,150.24181101698252,2024-03-20 00:00:00.000 UTC,1.0634441878785967,4081.03
103.83447141910231,186.46517739816034,153.41289500653713,150.56372047086114,149.7626944255466,2024-03-21 00:00:00.000 UTC,1.0638538449205936,4058.34
103.87422165787045,177.11696975823128,147.81987051808693,146.05777744312743,145.27164521786858,2024-03-22 00:00:00.000 UTC,1.0642611127938926,3854.88
103.91363895513337,179.1027632026318,149.02711350363242,147.06248643269916,146.26905817501594,2024-03-23 00:00:00.000 UTC,1.0646649694580275,3898.1
103.95345820013105,184.3337345965467,152.18162403798044,149.6621394376313,148.84962643432223,2024-03-24 00:00:00.000 UTC,1.0650729443464597,4011.95
103.99234698268872,191.66398647344772,156.59533067714412,153.25543136672965,152.41637424827755,2024-03-25 00:00:00.000 UTC,1.0654713860227434,4171.49
104.03332505013458,191.68466224970823,156.62412736987878,153.28950688809587,152.4502108687248,2024-03-26 00:00:00.000 UTC,1.0658912338248643,4171.94
104.07314034506679,186.68066493296456,153.63765509780546,150.91196671822988,150.08084255352082,2024-03-27 00:00:00.000 UTC,1.0662991682422247,4063.03
104.11259436796308,189.852788473025,155.55671083100023,152.47345078853732,151.6307350154958,2024-03-28 00:00:00.000 UTC,1.0667034011851209,4132.07
104.15042233911973,187.5867233948706,154.21220297257025,151.40366520942544,150.5646241743021,2024-03-29 00:00:00.000 UTC,1.067090974136671,4082.75
104.18578188002499,187.0238828188894,153.88864244334363,151.15166056661224,150.31341262690222,2024-03-30 00:00:00.000 UTC,1.0674532563636863,4070.5
104.22075598031768,194.080295525762,158.13647970758427,154.59372866428836,153.7296468656815,2024-03-31 00:00:00.000 UTC,1.0678115894929496,4224.08
104.25505818308424,187.0840723008923,153.95246665376908,151.27039641780124,150.41817925014755,2024-04-01 00:00:00.000 UTC,1.0681630385811351,4071.81
104.28988093498243,174.89271569429258,146.6515817905685,145.37607464476798,144.54524180447143,2024-04-02 00:00:00.000 UTC,1.0685198210445241,3806.47
104.32536545068598,177.07607766740486,147.9757927807173,146.48478586674648,145.6455102893997,2024-04-03 00:00:00.000 UTC,1.068883383722221,3853.99
104.3599690180157,177.5566746000386,148.27799236722944,146.74276282735082,145.90159280707192,2024-04-04 00:00:00.000 UTC,1.0692379204926072,3864.45
104.39515209590144,177.53370151530467,148.27828174754336,146.7511597507845,145.9098599184312,2024-04-05 00:00:00.000 UTC,1.06959839473756,3863.95
104.4303858881921,179.38257537469102,149.40169958009145,147.6879501379068,146.83951549358892,2024-04-06 00:00:00.000 UTC,1.069959388585627,3904.19
104.46531092648762,184.21886917287708,152.31744587432127,150.09677609313897,149.22981151649336,2024-04-07 00:00:00.000 UTC,1.0703172190418027,4009.45
104.4996401612657,197.19498635398767,160.11684787689887,156.46006898258852,155.54379479170305,2024-04-08 00:00:00.000 UTC,1.0706689450910878,4291.87
104.53523493938691,187.1176130046038,154.08466177851705,151.68398292072519,150.78607663887976,2024-04-09 00:00:00.000 UTC,1.0710336374812528,4072.54
104.57015127452067,188.97062201924228,155.21043372135364,152.605516573938,151.70042376749393,2024-04-10 00:00:00.000 UTC,1.0713913787676956,4112.87
104.60536142860326,187.31058691636878,154.22849672126256,151.8217214104176,150.91961678695785,2024-04-11 00:00:00.000 UTC,1.0717521304264566,4076.74
104.63996540621835,173.20832912160114,145.78098363544802,144.98358959510114,144.10842139703473,2024-04-12 00:00:00.000 UTC,1.0721066714004919,3769.81
104.67529642807685,161.7884087003667,138.94316379145073,139.2677615752099,138.41563601247344,2024-04-13 00:00:00.000 UTC,1.0724686614307337,3521.26
104.71041537476097,168.6100364812586,143.05018803865954,142.8096934032974,141.92894848743876,2024-04-14 00:00:00.000 UTC,1.0728284786084863,3669.73
104.74496155069485,165.6451301654981,141.2850627195768,141.3218061173735,140.4471863205902,2024-04-15 00:00:00.000 UTC,1.0731824273655057,3605.2
104.77950937839991,164.87920752046904,140.8393282636414,140.94837811901647,140.07523453232943,2024-04-16 00:00:00.000 UTC,1.0735363930460293,3588.53
104.81527260384988,159.48558668663796,137.6174610535227,138.20115215993306,137.33947098617244,2024-04-17 00:00:00.000 UTC,1.0739028112921256,3471.14
104.84909757512872,163.97682475212042,140.32573388132374,140.55410284453106,139.67316315605362,2024-04-18 00:00:00.000 UTC,1.0742493708234404,3568.89
104.88580645512305,164.00714922396924,140.35861211643075,140.5893824147781,139.70819392189253,2024-04-19 00:00:00.000 UTC,1.0746254779349897,3569.55
104.92053248192711,168.76028045541844,143.2243812660219,143.05267430924735,142.1512431595139,2024-04-20 00:00:00.000 UTC,1.0749812693848755,3673.0
104.95615347871974,168.42395449491374,143.03683408843614,142.9010454875124,142.00017194192404,2024-04-21 00:00:00.000 UTC,1.0753462304029249,3665.68
104.99116646252067,171.24688714701855,144.7445988732194,144.35720182776382,143.44434920275916,2024-04-22 00:00:00.000 UTC,1.0757049619198256,3727.12
105.02646953442263,172.13824283469486,145.293533514586,144.8274532089561,143.9107888275535,2024-04-23 00:00:00.000 UTC,1.076066665584005,3746.52
105.06069355360496,167.71041048307805,142.6505237112888,142.6111329202538,141.70399804238397,2024-04-24 00:00:00.000 UTC,1.0764173136288995,3650.15
105.08831773267582,168.9086865827996,143.3805390427501,143.23749831269063,142.3252089441274,2024-04-25 00:00:00.000 UTC,1.0767003418825771,3676.23
105.11364659513251,167.5077878757248,142.55013136348788,142.5385159599078,141.6292207887817,2024-04-26 00:00:00.000 UTC,1.0769598530771134,3645.74
105.14165838965296,174.1672256783952,146.5569987628983,145.95376584657373,145.01597235032108,2024-04-27 00:00:00.000 UTC,1.0772468527112082,3790.68
105.16963187855586,174.7746340387602,146.93263317467847,146.27470688800415,145.33429066309827,2024-04-28 00:00:00.000 UTC,1.0775334598785438,3803.9
105.19736863602796,172.1782160021319,145.38587705569032,144.98632071477164,144.0515508016428,2024-04-29 00:00:00.000 UTC,1.0778176415734957,3747.39
105.22551341240592,161.69927313159903,139.1097692439218,139.70742698538365,138.79612487139457,2024-04-30 00:00:00.000 UTC,1.078106003695967,3519.32
105.25269232321882,159.5016678459517,137.80207763685854,138.58262860596813,137.67635685321306,2024-05-01 00:00:00.000 UTC,1.0783844698775145,3471.49
105.28055407867508,160.1623737628994,138.20964588920967,138.94173407364636,138.03247329838254,2024-05-02 00:00:00.000 UTC,1.0786699322607027,3485.87
105.30793434781589,166.23232221129726,141.86256706590473,142.11561594128682,141.1793502609302,2024-05-03 00:00:00.000 UTC,1.0789504614934546,3617.98
105.33528735579054,166.8406494950516,142.23850463934718,142.44242467035332,141.50342998501804,2024-05-04 00:00:00.000 UTC,1.079230711417264,3631.22
105.36226534847943,168.14460178454922,143.0316672101213,143.1249773230226,142.18019955848214,2024-05-05 00:00:00.000 UTC,1.0795071190577907,3659.6
105.39005290985507,164.39125920072044,140.7907766843743,141.22316502574077,140.2870877422736,2024-05-06 00:00:00.000 UTC,1.0797918212728301,3577.91
105.4180771925495,161.80954393832187,139.2529572400129,139.90746570519374,138.97742077969107,2024-05-07 00:00:00.000 UTC,1.0800789488566482,3521.72
105.44553911782133,159.4989110757836,137.8775622925987,138.7233210229047,137.79872282962683,2024-05-08 00:00:00.000 UTC,1.0803603147112635,3471.43
105.47226993414992,162.63795337382726,139.7716799979563,140.37548686830047,139.4366644599919,2024-05-09 00:00:00.000 UTC,1.0806341898640945,3539.75
105.5005762611176,155.98724534335574,135.79257771046048,136.94635513286445,136.02357930245154,2024-05-10 00:00:00.000 UTC,1.0809242071807774,3395.0
105.5280405417706,156.03043474265553,135.82947706230155,136.98336571552343,136.06033779722665,2024-05-11 00:00:00.000 UTC,1.0812055971678534,3395.94
105.55563064634998,157.11752111226485,136.49276492589894,137.57032095945445,136.6422431360813,2024-05-12 00:00:00.000 UTC,1.081488276305498,3419.6
105.58273399774015,157.95236301149575,137.0045114059935,138.02303730815237,137.09107621306816,2024-05-13 00:00:00.000 UTC,1.08176596833005,3437.77
105.61099336640653,154.6038061806787,135.00668105496985,136.28217853908265,135.35844050160188,2024-05-14 00:00:00.000 UTC,1.0820555045274216,3364.89
105.63855535305309,162.48770939966735,139.74804778102165,140.46616858907976,139.5058303217632,2024-05-15 00:00:00.000 UTC,1.0823378955779739,3536.48
105.666032559644,157.62017220624318,136.8385163476035,137.95607157054448,137.0078358750488,2024-05-16 00:00:00.000 UTC,1.0826194179999586,3430.54
105.69372390660003,165.5642649072347,141.61604850698083,142.14234346328834,141.15709040509014,2024-05-17 00:00:00.000 UTC,1.0829031344336977,3603.44
105.72048718001558,167.28862464736315,142.66136966042413,143.0449920972813,142.0517610743109,2024-05-18 00:00:00.000 UTC,1.0831773421311672,3640.97
105.74274066731604,164.7409095503708,141.1416419971489,141.74993749339626,140.7630667382552,2024-05-19 00:00:00.000 UTC,1.083405344043287,3585.52
105.76475105268763,196.04633211729137,159.93369969144987,157.92363298992493,156.79209650232383,2024-05-20 00:00:00.000 UTC,1.083630855212995,4266.87
105.78727718546705,203.44642217178355,164.38276417725695,161.51373881675667,160.3494169338351,2024-05-21 00:00:00.000 UTC,1.083861650561024,4427.93
105.80854697587819,200.71354401183575,162.7515451974527,160.22496848531048,159.06731366308387,2024-05-22 00:00:00.000 UTC,1.0840795738383353,4368.45
105.83193783725403,202.10846971687974,163.59785696502945,160.90725882576373,159.7433899385097,2024-05-23 00:00:00.000 UTC,1.08431922891117,4398.81
105.85389549054389,200.1024599579133,162.40303417096553,159.96237015542025,158.80339341030844,2024-05-24 00:00:00.000 UTC,1.0845441998053114,4355.15
105.87554764229196,201.0135724984608,162.95836255599326,160.4124654034818,159.24939887671547,2024-05-25 00:00:00.000 UTC,1.0847660406311295,4374.98
105.8988788853036,205.41613445687037,165.60923222824363,162.53459953492376,161.35200321888212,2024-05-26 00:00:00.000 UTC,1.0850050848738118,4470.8
105.9210365411338,207.7198753939884,167.00033985284654,163.64189748709168,162.4491135462456,2024-05-27 00:00:00.000 UTC,1.0852321049282043,4520.94
105.94364249854311,206.4650855058214,166.25650830291008,163.0627527121998,161.87297096361192,2024-05-28 00:00:00.000 UTC,1.0854637181331384,4493.63
105.9659801972006,202.40711981842077,163.8306639699327,161.15355608852568,159.9738459345039,2024-05-29 00:00:00.000 UTC,1.0856925828471264,4405.31
105.9883132940415,201.124762228573,163.0701826547604,160.55454530802587,159.37796347585743,2024-05-30 00:00:00.000 UTC,1.0859214004124154,4377.4
106.01045861740707,201.94352296849016,163.57029722805692,160.960125721425,159.77983308447307,2024-05-31 00:00:00.000 UTC,1.0861482941124312,4395.22
106.03264893502666,204.54361669867586,165.13922959321616,162.21705358193125,161.0251155801588,2024-06-01 00:00:00.000 UTC,1.086375648808776,4451.81
106.05540294638334,202.9194196079873,164.1738129433457,161.4581184171063,160.27018108946612,2024-06-02 00:00:00.000 UTC,1.0866087789257626,4416.46
106.07725474608185,202.23528114461098,163.77207058519932,161.14481369103552,159.95849347710106,2024-06-03 00:00:00.000 UTC,1.0868326652788203,4401.57
106.09954915226534,204.74118522738758,165.28453079733868,162.3564113459346,161.15883344110836,2024-06-04 00:00:00.000 UTC,1.087061086432358,4456.11
106.12202538774875,207.74882148075315,167.0981030435514,163.8011726597352,162.59013793732484,2024-06-05 00:00:00.000 UTC,1.0872913705491023,4521.57
106.14476127736239,204.75542853992263,165.31116163489855,162.3991115994506,161.19558970723628,2024-06-06 00:00:00.000 UTC,1.0875243149966696,4456.42
106.16725019973833,197.81020556316224,161.15302341779267,159.10776652182628,157.92203421303853,2024-06-07 00:00:00.000 UTC,1.0877547290991423,4305.26
106.18931162982103,198.0753149609917,161.32091362852344,159.2489352297646,158.0619362761347,2024-06-08 00:00:00.000 UTC,1.0879807632561729,4311.03
106.2119935057563,199.23545574005496,162.0260708463355,159.82218055949332,158.62983836711143,2024-06-09 00:00:00.000 UTC,1.0882131542973557,4336.28
106.23445000645928,197.04841807338525,160.72283084661487,158.78306178247536,157.59634205148612,2024-06-10 00:00:00.000 UTC,1.08844323621803,4288.68
106.2567463332748,188.0971853376584,155.361009735905,154.46861041393265,153.30550565279233,2024-06-11 00:00:00.000 UTC,1.088671677049732,4093.86
106.27901621577075,191.50363434200491,157.41378709151124,156.1600205160854,154.98088683002376,2024-06-12 00:00:00.000 UTC,1.0888998469416324,4168.0
106.30096389745948,186.44725839206785,154.38874059422452,153.69901253287904,152.53351257440121,2024-06-13 00:00:00.000 UTC,1.089124715670028,4057.95
106.32360423465599,187.04042343989784,154.7536957578011,154.00549434985322,152.8371269977393,2024-06-14 00:00:00.000 UTC,1.0893566811189548,4070.86
106.34611236245098,191.7935546713471,157.61457774778864,156.3667174102342,155.175814658218,2024-06-15 00:00:00.000 UTC,1.089587291993835,4174.31
106.36769387187985,194.84162355384433,159.45205168105852,157.87044026850432,156.66516347111417,2024-06-16 00:00:00.000 UTC,1.0898084090416833,4240.65
106.39113356659287,188.61545812925579,155.72572830419062,154.85750529856656,153.6691821261341,2024-06-17 00:00:00.000 UTC,1.0900485644448303,4105.14
106.41312309950095,187.35837093261537,154.9802717993696,154.25105003030947,153.06611346123654,2024-06-18 00:00:00.000 UTC,1.0902738619670553,4077.78
106.43568134766141,191.3929040735874,157.41001498321702,156.25709425647565,155.05283114380848,2024-06-19 00:00:00.000 UTC,1.0905049863587164,4165.59
106.45866525906173,189.0519467392004,156.01463414714493,155.12386786858352,153.92602250675117,2024-06-20 00:00:00.000 UTC,1.0907404719559401,4114.64
106.48083713754104,189.15119046525095,156.08304913416697,155.18565058272472,153.98726964749406,2024-06-21 00:00:00.000 UTC,1.0909676377309179,4116.8
106.50356880704396,188.10040156952115,155.46166846453028,154.68164190616486,153.4860870672,2024-06-22 00:00:00.000 UTC,1.0912005389406187,4093.93
106.52578747278767,184.37049153212098,153.23260990838764,152.85420720613422,151.66908619066044,2024-06-23 00:00:00.000 UTC,1.09142818408252,4012.75
106.54826039493707,180.72741975501503,151.05575601098386,151.05491065307461,149.88010539713025,2024-06-24 00:00:00.000 UTC,1.0916584342519338,3933.46
106.57082544400423,182.85748417154463,152.34282068052846,152.1359124095269,150.95061813147055,2024-06-25 00:00:00.000 UTC,1.091889628323448,3979.82
106.59282714407527,181.20204368561795,151.35835706900087,151.3220882162463,150.1414571652986,2024-06-26 00:00:00.000 UTC,1.0921150505064232,3943.79
106.61590743478821,185.445172435974,153.91346643549969,153.4612601468274,152.25975910439158,2024-06-27 00:00:00.000 UTC,1.0923515235743868,4036.14
106.63826508388986,181.8760739917113,151.78095042858274,151.70201314268778,150.51073104566848,2024-06-28 00:00:00.000 UTC,1.0925805926940644,3958.46
106.66073049894729,181.6141808257446,151.63280069502565,151.5837303838637,150.39307901116584,2024-06-29 00:00:00.000 UTC,1.0928107659482829,3952.76
106.68289759786857,185.0031702856933,153.6750612105634,153.2934976509588,152.08608633120426,2024-06-30 00:00:00.000 UTC,1.093037882753481,4026.52
106.70523804633333,185.18695496356472,153.79426819667214,153.39770843106803,152.1893332151563,2024-07-01 00:00:00.000 UTC,1.09326677564109,4030.52
106.72836768144982,184.20922047728882,153.2168793589532,152.92507096537423,151.71941509783179,2024-07-02 00:00:00.000 UTC,1.093503754275584,4009.24
106.750451925362,177.59894507594905,149.25954781571423,149.64513467067434,148.45876676285624,2024-07-03 00:00:00.000 UTC,1.0937300221756083,3865.37
106.7733130703171,165.3156961304136,141.89874290637502,143.44802329966595,142.29842576629557,2024-07-04 00:00:00.000 UTC,1.09396424994821,3598.03
106.79566307013057,160.79413359308234,139.19474538390165,141.1059591643393,139.9704248539293,2024-07-05 00:00:00.000 UTC,1.0941932406957968,3499.62
106.8184337954621,165.18658739420894,141.8393259547102,143.43076987157585,142.27197439312886,2024-07-06 00:00:00.000 UTC,1.0944265420586727,3595.22
106.84081827071834,157.79292980344232,137.41208519035274,139.59086484785615,138.45541505985807,2024-07-07 00:00:00.000 UTC,1.0946558860303077,3434.3
106.86265977717035,162.48265532102587,140.23465710348367,142.0915272993186,140.93083277146525,2024-07-08 00:00:00.000 UTC,1.094879666922147,3536.37
106.88566389760165,165.1810738538728,141.86290987136434,143.51962704844064,142.3444946954988,2024-07-09 00:00:00.000 UTC,1.0951153595744558,3595.1
106.90847572842047,167.048785642741,142.9926616770128,144.5055499363513,143.32044994916123,2024-07-10 00:00:00.000 UTC,1.0953490820906358,3635.75
106.93053461102447,166.81583856353896,142.86171698253315,144.3965699946059,143.21208844321757,2024-07-11 00:00:00.000 UTC,1.0955750901470374,3630.68
106.95334348974839,168.46117089218274,143.85803993120896,145.2634146466803,144.07016401767555,2024-07-12 00:00:00.000 UTC,1.0958087824170237,3666.49
106.97609144496911,171.01623737628995,145.4001790037616,146.59770745830033,145.39091104500045,2024-07-13 00:00:00.000 UTC,1.096041850484833,3722.1
106.99841182135386,175.3429881550775,148.00515762158804,148.83531616008415,147.60572198342658,2024-07-14 00:00:00.000 UTC,1.0962705377205115,3816.27
107.0212947269493,187.85229225439477,155.5198932434166,155.21896590539387,153.9240348946214,2024-07-15 00:00:00.000 UTC,1.0965049884454776,4088.53
107.04276856808765,185.85363388254322,154.329287756761,154.2405505399239,152.95177978973143,2024-07-16 00:00:00.000 UTC,1.0967250023594315,4045.03
107.06244437644385,182.72194297161445,152.4581435335462,152.69249064356788,151.41352836783676,2024-07-17 00:00:00.000 UTC,1.0969265942208393,3976.87
107.0823140250672,184.99581889857845,153.83041694917395,153.84393124668253,152.55309703859731,2024-07-18 00:00:00.000 UTC,1.0971301721058737,4026.36
107.10240795174852,188.91318930740744,156.18887676514387,155.81010776359275,154.49893416030113,2024-07-19 00:00:00.000 UTC,1.097336047870129,4111.62
107.12196510180063,190.15189803626072,156.9399248624767,156.4344788533842,155.11686923092898,2024-07-20 00:00:00.000 UTC,1.0975364239975776,4138.58
107.14170236018604,190.2736553853505,157.02087417528472,156.5061086184229,155.18781078363497,2024-07-21 00:00:00.000 UTC,1.097738645455775,4141.23
107.16167224440386,185.67490328331328,154.2696108677495,154.24820537353733,152.94439091547846,2024-07-22 00:00:00.000 UTC,1.0979432503217446,4041.14
107.18182245401816,187.88399511132758,155.6031260484038,155.3609201440649,154.04555113649627,2024-07-23 00:00:00.000 UTC,1.098149702742421,4089.22
107.20159282063611,179.86592907749284,150.80019457475015,151.39430888517785,150.10460045438168,2024-07-24 00:00:00.000 UTC,1.0983522634166802,3914.71
107.22135579223905,171.14718395927332,145.57685269245962,147.00229861178101,145.74124061020112,2024-07-25 00:00:00.000 UTC,1.0985547483240476,3724.95
107.24145924423513,176.83531973939336,148.99777554133004,149.9447267863179,148.6526474673101,2024-07-26 00:00:00.000 UTC,1.0987607216815456,3848.75
107.26095341844822,175.75650368028818,148.3582835755522,149.40677040661652,148.1182059926122,2024-07-27 00:00:00.000 UTC,1.0989604525792591,3825.27
107.28111677248869,176.61615651103168,148.8821406156145,149.8564681187338,148.56318931876882,2024-07-28 00:00:00.000 UTC,1.099167039673403,3843.98
107.30062091806798,179.23462870900454,150.4610255926299,151.200409300669,149.8929214647038,2024-07-29 00:00:00.000 UTC,1.0993668727344552,3900.97
107.32088014519562,176.90745522545788,149.07282519335297,150.03392130007435,148.73415112865288,2024-07-30 00:00:00.000 UTC,1.0995744421127194,3850.32
107.3399244876458,174.57752497174312,147.6824847781042,148.85897274547796,147.5669990334458,2024-07-31 00:00:00.000 UTC,1.0997695641821317,3799.61
107.3604481898046,172.89497624583038,146.68116502342008,148.0095510551783,146.72320909699806,2024-08-01 00:00:00.000 UTC,1.0999798432845842,3762.99
107.3805804854541,161.17870303152824,139.65945401309858,142.00270946442498,140.7566082989779,2024-08-02 00:00:00.000 UTC,1.1001861121646688,3507.99
107.40058936347019,157.08443987024805,137.2108996675369,139.8490009376391,138.61747690521665,2024-08-03 00:00:00.000 UTC,1.1003911165482714,3418.88
107.42051070590557,145.45776168640822,130.24286129420716,133.6487834966561,132.45951652901468,2024-08-04 00:00:00.000 UTC,1.1005952240711028,3165.83
107.4403112696686,130.8179337088667,121.46688473318746,125.58786081844696,124.4542963473896,2024-08-05 00:00:00.000 UTC,1.100798094135379,2847.2
107.46021784720838,132.60248293099804,122.54557689748218,126.6250903996599,125.48015420761669,2024-08-06 00:00:00.000 UTC,1.101002050381946,2886.04
107.48014194858725,126.5408047931044,118.91653965529756,123.16142178452318,122.04089263767712,2024-08-07 00:00:00.000 UTC,1.101206186172005,2754.11
107.50019705474229,144.609135936337,129.76556038369912,133.72209455969912,132.48460021356436,2024-08-08 00:00:00.000 UTC,1.1014116641939156,3147.36
107.52012580049178,140.14362772575652,127.09422695565063,131.25441968588962,130.03482296039635,2024-08-09 00:00:00.000 UTC,1.1016158475686686,3050.17
107.54006377800103,140.85763119928694,127.53060423077258,131.66538419544506,130.44120278248838,2024-08-10 00:00:00.000 UTC,1.1018201255289959,3065.71
107.55984484127843,138.07237440614577,125.86736258019883,130.11297566983347,128.9001041039284,2024-08-11 00:00:00.000 UTC,1.1020227957977098,3005.09
107.57995359497038,147.35993310237725,131.4479412994145,135.3740034100478,134.10171444990655,2024-08-12 00:00:00.000 UTC,1.1022288234746398,3207.23
107.59983895224521,145.87587182856566,130.56545867803746,134.5660019472037,133.29965645726497,2024-08-13 00:00:00.000 UTC,1.102432562305351,3174.93
107.61978339923898,143.97094364242852,129.4304795451527,133.52163650648077,132.26300062075424,2024-08-14 00:00:00.000 UTC,1.102636906549889,3133.47
107.63855034008063,138.9274326199425,126.41187970799774,130.72447602794765,129.48661973865381,2024-08-15 00:00:00.000 UTC,1.1028291864536524,3023.7
107.65559200211548,140.18957389522438,127.17598113798081,131.44532566700315,130.19925646175207,2024-08-16 00:00:00.000 UTC,1.1030037897181737,3051.17
107.67266739784768,141.28171434347522,127.8380955652242,132.06807642372786,130.81491130287935,2024-08-17 00:00:00.000 UTC,1.1031787386070635,3074.94
107.69012515224169,141.50087757183684,127.97657660399878,132.19956403241585,130.94493319442518,2024-08-18 00:00:00.000 UTC,1.1033576050170517,3079.71
107.7072800570907,142.5819909394154,128.63210658648552,132.81401668267466,131.5523789004913,2024-08-19 00:00:00.000 UTC,1.1035333685302033,3103.24
107.72413435526629,139.31705613702985,126.67988742432443,130.99757306760858,129.74955064666008,2024-08-20 00:00:00.000 UTC,1.1037060521262432,3032.18
107.7415502878348,142.06555599459676,128.33595371189196,132.55666646151207,131.29074393014605,2024-08-21 00:00:00.000 UTC,1.1038844900435616,3092.0
107.75893080777658,141.79033843948432,128.17777538680122,132.411142074462,131.1462786799374,2024-08-22 00:00:00.000 UTC,1.104062565134753,3086.01
107.77610384222697,149.28278029460685,132.6801097136549,136.61768030246182,135.30434285234486,2024-08-23 00:00:00.000 UTC,1.1042385143978382,3249.08
107.79328917358035,149.48861913382282,132.81048714972582,136.73941932247277,135.42471357912774,2024-08-24 00:00:00.000 UTC,1.1044145896509467,3253.56
107.81044856028144,148.54442535125847,132.25083463486766,136.22992553554235,134.91906610557345,2024-08-25 00:00:00.000 UTC,1.1045903990836807,3233.01
107.82776368924254,145.306598788859,130.3150647490124,134.45703307485118,133.15967812915417,2024-08-26 00:00:00.000 UTC,1.1047678042003903,3162.54
107.84480661404547,133.13086387987835,123.01644097354517,127.70556611812249,126.4599402844784,2024-08-27 00:00:00.000 UTC,1.1049424204028178,2897.54
107.86214161049087,136.86858476608805,125.26600750384918,129.86501871905668,128.59409370115603,2024-08-28 00:00:00.000 UTC,1.1051200290752374,2978.89
107.87933826897361,136.77439511867897,125.21637237879683,129.81967858836566,128.5490664952061,2024-08-29 00:00:00.000 UTC,1.1052962203823882,2976.84
107.89648264583587,136.81253043933728,125.24611132193672,129.84964878581997,128.57872486366014,2024-08-30 00:00:00.000 UTC,1.1054718760292501,2977.67
107.91385226842227,136.10449996783768,124.82824088807153,129.45481252666127,128.18692978493092,2024-08-31 00:00:00.000 UTC,1.1056498394697225,2962.26
107.93107392281934,131.78693842294368,122.24459262289395,126.99910575636643,125.75037002550395,2024-09-01 00:00:00.000 UTC,1.1058262868767907,2868.29
107.94830550596878,137.3427492349963,125.5849717433853,130.2195966909243,128.93285755420305,2024-09-02 00:00:00.000 UTC,1.1060028360105905,2989.21
107.96555899099276,132.23537303694994,122.52744741856705,127.32242978154515,126.05854013226363,2024-09-03 00:00:00.000 UTC,1.1061796095437937,2878.05
107.98269312791402,132.5565367615302,122.72699930808372,127.51605112434126,126.24989606932502,2024-09-04 00:00:00.000 UTC,1.106355160275588,2885.04
107.99976532960248,128.28446192440936,120.17058328648662,125.05833824076196,123.81168020645481,2024-09-05 00:00:00.000 UTC,1.106530076439356,2792.06
108.01720905890922,120.27236889260543,115.37030495912694,120.3800558538294,119.17073051279299,2024-09-06 00:00:00.000 UTC,1.1067087991529125,2617.68
108.03396573812144,123.04797699015835,117.04237248934359,122.05438162162059,120.82495814307015,2024-09-07 00:00:00.000 UTC,1.1068804825771588,2678.09
108.05167612870851,124.44933515892782,117.8902715468401,122.89641058183693,121.65687807435921,2024-09-08 00:00:00.000 UTC,1.1070619374144934,2708.59
108.06874006760148,127.79467575788208,119.90430148176983,124.88633161768013,123.62282750144482,2024-09-09 00:00:00.000 UTC,1.1072367689203766,2781.4
108.08622369574654,129.31503450557327,120.82351018164258,125.78586849016719,124.51152267771258,2024-09-10 00:00:00.000 UTC,1.1074159004243085,2814.49
108.1034872398352,127.04713158064013,119.46967384431815,124.4702992612576,123.2066373204685,2024-09-11 00:00:00.000 UTC,1.1075927770193803,2765.13
108.12068641715857,127.86864909072533,119.96946402129862,124.96113356388943,123.69155601940163,2024-09-12 00:00:00.000 UTC,1.1077689941337436,2783.01
108.1380297934778,132.21561618407875,122.58458162783836,127.51802612298569,126.21744896620623,2024-09-13 00:00:00.000 UTC,1.1079466886635945,2877.62
108.15529201981856,130.87077180375474,121.78457989018025,126.74793105243461,125.45364344291397,2024-09-14 00:00:00.000 UTC,1.1081235517574546,2848.35
108.17191901895197,125.74823336978396,118.71770762945118,123.77902774906835,122.5091413763839,2024-09-15 00:00:00.000 UTC,1.1082939065222626,2736.86
108.18984153147254,124.4240647657205,117.93037547202131,123.00517175413287,121.74165217395677,2024-09-16 00:00:00.000 UTC,1.108477534691165,2708.04
108.20682172520026,126.63407551712415,119.26317400035458,124.32377901614711,123.0441426795068,2024-09-17 00:00:00.000 UTC,1.1086515081716273,2756.14
108.22439008180534,127.45329571873592,119.7617334639637,124.8144177217267,123.52880012997014,2024-09-18 00:00:00.000 UTC,1.1088315077754949,2773.97
108.24164209425382,133.50119000578923,123.39737084117506,128.37598116219,127.04666826329176,2024-09-19 00:00:00.000 UTC,1.109008266221174,2905.6
108.25807593922215,138.45970061475975,126.37905074454471,131.24466730739096,129.88001023414972,2024-09-20 00:00:00.000 UTC,1.1091766419919313,3013.52
108.27625039946979,141.7627707378036,128.36816260247008,133.13205043401848,131.74407680200474,2024-09-21 00:00:00.000 UTC,1.1093628515343843,3085.41
108.29351548119456,139.9001130275769,127.25747400902395,132.09098794310498,130.7117655186875,2024-09-22 00:00:00.000 UTC,1.10953974388357,3044.87
108.3104759238996,143.84551059978128,129.63149672942862,134.33436390818193,132.92731840845303,2024-09-23 00:00:00.000 UTC,1.1097135150015496,3130.74
108.3281067455557,143.8992676180587,129.6708032690575,134.37323225256822,132.9657459913433,2024-09-24 00:00:00.000 UTC,1.1098941546017864,3131.91
108.3454065209618,139.66992271854295,127.1401162395105,132.01219684799602,130.62472606547442,2024-09-25 00:00:00.000 UTC,1.1100714024110208,3039.86
108.36253126279912,142.72580244984977,128.9804939750295,133.75354346802575,132.3443660372464,2024-09-26 00:00:00.000 UTC,1.1102468568838748,3106.37
108.37937515408251,146.29030627716566,131.1259338279324,135.76611549025947,134.33179275817614,2024-09-27 00:00:00.000 UTC,1.1104194338543196,3183.95
108.39723830563035,145.47430230741665,130.64347670670213,135.32068614515865,133.89014349391454,2024-09-28 00:00:00.000 UTC,1.1106024538302182,3166.19
108.41436643223986,144.32151291546825,129.95865432217687,134.68584194726384,133.26071197300354,2024-09-29 00:00:00.000 UTC,1.1107779429823348,3141.1
108.4317160459064,140.69911691462286,127.79215656713627,132.66613612945184,131.2583376269504,2024-09-30 00:00:00.000 UTC,1.1109557014179947,3062.26
108.44916221429503,133.0885934039679,123.23282092809876,128.36906624099248,126.99832129774845,2024-10-01 00:00:00.000 UTC,1.1111344491215822,2896.62
108.46641157831871,128.53349016292515,120.50665872908256,125.74108998435372,124.39316675409641,2024-10-02 00:00:00.000 UTC,1.1113111804323716,2797.48
108.48382965429083,127.53462043869403,119.91430412493276,125.16286531569425,123.81995655240301,2024-10-03 00:00:00.000 UTC,1.1114896403102985,2775.74
108.50100033207048,131.29807117980573,122.17924284071165,127.38686677974864,126.01573497540275,2024-10-04 00:00:00.000 UTC,1.1116655654277101,2857.65
108.51815688489124,131.14415151208846,122.09375366120958,127.30532316359755,125.93486787212834,2024-10-05 00:00:00.000 UTC,1.1118413458254384,2854.3
108.53573247272803,132.4026170938129,122.85586324537894,128.04654730584338,126.66668696117334,2024-10-06 00:00:00.000 UTC,1.112021419518128,2881.69
108.55247280809527,131.63577552539445,122.40245443847479,127.6094797575079,126.23342556885994,2024-10-07 00:00:00.000 UTC,1.1121929354887135,2865.0
108.56817823969547,132.55561783814085,122.96064199876268,128.15188925899415,126.76894949969706,2024-10-08 00:00:00.000 UTC,1.1123538481756627,2885.02
108.58430626259144,128.6920044475892,120.6489251735901,125.91834969490078,124.5550564433205,2024-10-09 00:00:00.000 UTC,1.112519090594046,2800.93
108.6001866647971,129.18822307784203,120.95300851262405,126.21703017387414,124.84994870617085,2024-10-10 00:00:00.000 UTC,1.1126817959722746,2811.73
108.61629067540875,132.24364334745414,122.79270227863597,128.01560601380444,126.625522654644,2024-10-11 00:00:00.000 UTC,1.1128467923686898,2878.23
108.6322001003563,134.539113974068,124.17634842458332,129.35635487078474,127.9490974333659,2024-10-12 00:00:00.000 UTC,1.1130097951043865,2928.19
108.64177476244322,133.63581228233002,123.63819727437533,128.83981272495237,127.43713030832673,2024-10-13 00:00:00.000 UTC,1.1131078939431995,2908.53
